{
	"pushups" : 0.026538 ,
	"sit-ups" : 0.026538 ,
	"walking" : 0.030256 ,
	"golf" : 0.034103 ,
	"music" : 0.20 ,
	"cycling" : 0.030256 ,
	"swimming" : 0.70 ,
	"swam" : 0.70 ,

	"running" : 0.068077,
	"ran" : 0.068077,
	"skating" : 0.037821,
	"hunting" : 0.037821,
	"basketball" : 0.056,
	"wrestling" : 0.045385
}